,Category,Own,Rent,Total,%Own,%Rent
0,With related children of the householder under 18,22905266,14165516,37070782,61.787922358907885,38.212077641092115
1,With related children of the householder under 18!!With own children of the householder under 18,20424472,13010627,33435099,61.086919467473386,38.913080532526614
2,With related children of the householder under 18!!With own children of the householder under 18!!Under 6 years only,3867625,3376866,7244491,53.38711857051103,46.61288142948897
3,With related children of the householder under 18!!With own children of the householder under 18!!Under 6 years and 6 to 17 years,3655962,3014691,6670653,54.80665835863445,45.19334164136555
4,With related children of the householder under 18!!With own children of the householder under 18!!6 to 17 years,12900885,6619070,19519955,66.09075174609778,33.90924825390223
5,With related children of the householder under 18!!No own children of the householder under 18,2480794,1154889,3635683,68.23460681253015,31.765393187469865
6,No related children of the householder under 18,53539544,29119802,82659346,64.77131333703028,35.22868666296973
